sheet,cell,content,kind
Data,A1,1,
Data,A2,2,
Data,A3,3,
Data,B1,10,
Data,B2,20,
Data,B3,30,
Data,C1,'x,
H,A1,"=MAP(Data!A1:A3,LAMBDA(v,v*v))",
H,B1,"=MAP(Data!A1:A3,Data!B1:B3,LAMBDA(a,b,a+b))",
H,C1,"=REDUCE(0,Data!A1:B3,LAMBDA(acc,v,acc+v))",
H,C2,"=REDUCE(,Data!A1:A3,LAMBDA(acc,v,acc+v))",
H,D1,"=SCAN(0,Data!A1:A3,LAMBDA(acc,v,acc+v))",
H,E1,"=BYROW(Data!A1:B3,LAMBDA(r,SUM(r)))",
H,F1,"=BYCOL(Data!A1:B3,LAMBDA(c,MAX(c)))",
H,F3,"=MAKEARRAY(2,3,LAMBDA(r,c,r*10+c))",
H,A6,"=MAP(Data!A1:A3,LAMBDA(v,Data!A1:A2))",
H,B6,"=MAP(Data!C1,LAMBDA(v,v+1))",
H,C6,"=BYROW(Data!A1:B3,LAMBDA(r,r))",
H,D6,"=REDUCE(1,{1,2,3},LAMBDA(a,b,a*b))",
H,E6,"=MAKEARRAY(0,1,LAMBDA(r,c,1))",
